,CustomerID,Age,Annual Income ($),Spending Score (1-100),Work Experience,Family Size
count,1998.0,1998.0,1998.0,1998.0,1998.0,1998.0
mean,1001.2747747747748,48.95645645645646,110780.10160160161,51.013513513513516,4.103603603603603,3.765765765765766
std,577.2632600308082,28.420295136034124,45736.878661674724,27.9020268478994,3.92286379033268,1.9692653956455233
min,1.0,0.0,0.0,1.0,0.0,1.0
25%,502.25,25.0,74727.0,28.0,1.0,2.0
50%,1001.5,48.0,110252.0,50.0,3.0,4.0
75%,1500.75,73.0,149094.25,75.0,7.0,5.0
max,2000.0,99.0,189974.0,100.0,17.0,9.0
